{
  "name": "betterCargoPlanes",
  "version": "1.0.6",
  "factorio_version": "0.17",
  "title": "Better Cargo Planes",
  "author": "Modernkennnern",
  "homepage": "https://mods.factorio.com/mod/betterCargoPlanes",
  "description": "This mod aims to improve the Cargo Plane from the Aircraft mod by adding an Equipment Grid as well as two upgraded versions of the Cargo Plane. It's designed to be as faithful to the basegame and Aircraft as possible",
  "dependencies": [
    "base > 0.17.0",
    "Aircraft >= 1.6.4",
    "? bobvehicleequipment >= 0.17.0",
    "? bobwarfare >= 0.17.0",
    "? boblogistics >= 0.17.0"
	]
}